"MethodName","Patch","Compiled","AllTestsPassed","TotalExecutionTime(ms)","Fitness","FitnessImprovement"
"com.google.gson.GsonBuilder.com.google.gson.GsonBuilder.create()","|","true","true","11750.279","11750.0","0.0"
"com.google.gson.GsonBuilder.com.google.gson.GsonBuilder.create()","| gin.edit.line.DeleteLine ""./gson/src/main/java/com/google/gson/GsonBuilder.java"":587 |","true","false","19813.094","1.7976931348623157E308","-1.7976931348623157E308"
"com.google.gson.GsonBuilder.com.google.gson.GsonBuilder.create()","| gin.edit.line.CopyLine ""./gson/src/main/java/com/google/gson/GsonBuilder.java"":105 -> ""./gson/src/main/java/com/google/gson/GsonBuilder.java"":593 |","false","false","0.0","1.7976931348623157E308","-1.7976931348623157E308"
"com.google.gson.GsonBuilder.com.google.gson.GsonBuilder.create()","| gin.edit.transplant.ReplaceWithTransplantLine ""Donor.java"":7 -> ""./gson/src/main/java/com/google/gson/GsonBuilder.java"":603 |","false","false","0.0","1.7976931348623157E308","-1.7976931348623157E308"
"com.google.gson.GsonBuilder.com.google.gson.GsonBuilder.create()","| gin.edit.line.DeleteLine ""./gson/src/main/java/com/google/gson/GsonBuilder.java"":588 |","true","false","10072.8955","1.7976931348623157E308","-1.7976931348623157E308"
"com.google.gson.GsonBuilder.com.google.gson.GsonBuilder.create()","| gin.edit.line.CopyLine ""./gson/src/main/java/com/google/gson/GsonBuilder.java"":545 -> ""./gson/src/main/java/com/google/gson/GsonBuilder.java"":589 |","false","false","0.0","1.7976931348623157E308","-1.7976931348623157E308"
"com.google.gson.GsonBuilder.com.google.gson.GsonBuilder.create()","| gin.edit.line.SwapLine ""./gson/src/main/java/com/google/gson/GsonBuilder.java"":600 <-> ""./gson/src/main/java/com/google/gson/GsonBuilder.java"":600 | gin.edit.line.DeleteLine ""./gson/src/main/java/com/google/gson/GsonBuilder.java"":601 |","false","false","0.0","1.7976931348623157E308","-1.7976931348623157E308"
"com.google.gson.GsonBuilder.com.google.gson.GsonBuilder.create()","| gin.edit.line.DeleteLine ""./gson/src/main/java/com/google/gson/GsonBuilder.java"":600 |","false","false","0.0","1.7976931348623157E308","-1.7976931348623157E308"
"com.google.gson.GsonBuilder.com.google.gson.GsonBuilder.create()","| gin.edit.line.ReplaceLine ""./gson/src/main/java/com/google/gson/GsonBuilder.java"":410 -> ""./gson/src/main/java/com/google/gson/GsonBuilder.java"":589 |","false","false","0.0","1.7976931348623157E308","-1.7976931348623157E308"
"com.google.gson.GsonBuilder.com.google.gson.GsonBuilder.create()","| gin.edit.transplant.ReplaceWithTransplantLine ""Donor.java"":15 -> ""./gson/src/main/java/com/google/gson/GsonBuilder.java"":593 |","false","false","0.0","1.7976931348623157E308","-1.7976931348623157E308"
"com.google.gson.GsonBuilder.com.google.gson.GsonBuilder.create()","| gin.edit.line.SwapLine ""./gson/src/main/java/com/google/gson/GsonBuilder.java"":598 <-> ""./gson/src/main/java/com/google/gson/GsonBuilder.java"":598 |","true","true","9802.481","9802.0","1948.0"
"com.google.gson.GsonBuilder.com.google.gson.GsonBuilder.create()","| gin.edit.line.DeleteLine ""./gson/src/main/java/com/google/gson/GsonBuilder.java"":589 |","true","false","10387.125","1.7976931348623157E308","-1.7976931348623157E308"
"com.google.gson.GsonBuilder.com.google.gson.GsonBuilder.create()","| gin.edit.line.CopyLine ""./gson/src/main/java/com/google/gson/GsonBuilder.java"":626 -> ""./gson/src/main/java/com/google/gson/GsonBuilder.java"":598 |","false","false","0.0","1.7976931348623157E308","-1.7976931348623157E308"
"com.google.gson.GsonBuilder.com.google.gson.GsonBuilder.create()","| gin.edit.line.CopyLine ""./gson/src/main/java/com/google/gson/GsonBuilder.java"":34 -> ""./gson/src/main/java/com/google/gson/GsonBuilder.java"":589 |","false","false","0.0","1.7976931348623157E308","-1.7976931348623157E308"
"com.google.gson.GsonBuilder.com.google.gson.GsonBuilder.create()","| gin.edit.line.CopyLine ""./gson/src/main/java/com/google/gson/GsonBuilder.java"":4 -> ""./gson/src/main/java/com/google/gson/GsonBuilder.java"":592 |","false","false","0.0","1.7976931348623157E308","-1.7976931348623157E308"
"com.google.gson.GsonBuilder.com.google.gson.GsonBuilder.create()","| gin.edit.line.ReplaceLine ""./gson/src/main/java/com/google/gson/GsonBuilder.java"":627 -> ""./gson/src/main/java/com/google/gson/GsonBuilder.java"":591 |","false","false","0.0","1.7976931348623157E308","-1.7976931348623157E308"
"com.google.gson.GsonBuilder.com.google.gson.GsonBuilder.create()","| gin.edit.transplant.ReplaceWithTransplantLine ""Donor.java"":16 -> ""./gson/src/main/java/com/google/gson/GsonBuilder.java"":598 |","false","false","0.0","1.7976931348623157E308","-1.7976931348623157E308"
"com.google.gson.GsonBuilder.com.google.gson.GsonBuilder.create()","| gin.edit.transplant.ReplaceWithTransplantLine ""Donor.java"":6 -> ""./gson/src/main/java/com/google/gson/GsonBuilder.java"":591 |","false","false","0.0","1.7976931348623157E308","-1.7976931348623157E308"
"com.google.gson.GsonBuilder.com.google.gson.GsonBuilder.create()","| gin.edit.line.SwapLine ""./gson/src/main/java/com/google/gson/GsonBuilder.java"":588 <-> ""./gson/src/main/java/com/google/gson/GsonBuilder.java"":588 | gin.edit.transplant.ReplaceWithTransplantLine ""Donor.java"":14 -> ""./gson/src/main/java/com/google/gson/GsonBuilder.java"":603 |","false","false","0.0","1.7976931348623157E308","-1.7976931348623157E308"
"com.google.gson.GsonBuilder.com.google.gson.GsonBuilder.create()","| gin.edit.transplant.ReplaceWithTransplantLine ""Donor.java"":14 -> ""./gson/src/main/java/com/google/gson/GsonBuilder.java"":603 |","false","false","0.0","1.7976931348623157E308","-1.7976931348623157E308"
"com.google.gson.GsonBuilder.com.google.gson.GsonBuilder.create()","| gin.edit.line.SwapLine ""./gson/src/main/java/com/google/gson/GsonBuilder.java"":588 <-> ""./gson/src/main/java/com/google/gson/GsonBuilder.java"":588 | gin.edit.line.ReplaceLine ""./gson/src/main/java/com/google/gson/GsonBuilder.java"":435 -> ""./gson/src/main/java/com/google/gson/GsonBuilder.java"":592 |","false","false","0.0","1.7976931348623157E308","-1.7976931348623157E308"
"com.google.gson.GsonBuilder.com.google.gson.GsonBuilder.create()","| gin.edit.line.CopyLine ""./gson/src/main/java/com/google/gson/GsonBuilder.java"":608 -> ""./gson/src/main/java/com/google/gson/GsonBuilder.java"":603 |","true","true","11765.646","11765.0","-15.0"
"com.google.gson.GsonBuilder.com.google.gson.GsonBuilder.create()","| gin.edit.line.DeleteLine ""./gson/src/main/java/com/google/gson/GsonBuilder.java"":599 |","false","false","0.0","1.7976931348623157E308","-1.7976931348623157E308"
"com.google.gson.GsonBuilder.com.google.gson.GsonBuilder.create()","| gin.edit.line.DeleteLine ""./gson/src/main/java/com/google/gson/GsonBuilder.java"":589 |","true","false","10698.824","1.7976931348623157E308","-1.7976931348623157E308"
"com.google.gson.GsonBuilder.com.google.gson.GsonBuilder.create()","| gin.edit.line.SwapLine ""./gson/src/main/java/com/google/gson/GsonBuilder.java"":599 <-> ""./gson/src/main/java/com/google/gson/GsonBuilder.java"":599 |","true","true","10612.437","10612.0","1138.0"
"com.google.gson.GsonBuilder.com.google.gson.GsonBuilder.create()","| gin.edit.transplant.ReplaceWithTransplantLine ""Donor.java"":15 -> ""./gson/src/main/java/com/google/gson/GsonBuilder.java"":595 |","false","false","0.0","1.7976931348623157E308","-1.7976931348623157E308"
"com.google.gson.GsonBuilder.com.google.gson.GsonBuilder.create()","| gin.edit.transplant.ReplaceWithTransplantLine ""Donor.java"":17 -> ""./gson/src/main/java/com/google/gson/GsonBuilder.java"":600 |","false","false","0.0","1.7976931348623157E308","-1.7976931348623157E308"
"com.google.gson.GsonBuilder.com.google.gson.GsonBuilder.create()","| gin.edit.line.SwapLine ""./gson/src/main/java/com/google/gson/GsonBuilder.java"":598 <-> ""./gson/src/main/java/com/google/gson/GsonBuilder.java"":598 | gin.edit.line.DeleteLine ""./gson/src/main/java/com/google/gson/GsonBuilder.java"":593 |","true","false","9926.537","1.7976931348623157E308","-1.7976931348623157E308"
"com.google.gson.GsonBuilder.com.google.gson.GsonBuilder.create()","| gin.edit.line.SwapLine ""./gson/src/main/java/com/google/gson/GsonBuilder.java"":598 <-> ""./gson/src/main/java/com/google/gson/GsonBuilder.java"":598 | gin.edit.line.DeleteLine ""./gson/src/main/java/com/google/gson/GsonBuilder.java"":589 |","true","false","11295.839","1.7976931348623157E308","-1.7976931348623157E308"
"com.google.gson.GsonBuilder.com.google.gson.GsonBuilder.create()","| gin.edit.line.DeleteLine ""./gson/src/main/java/com/google/gson/GsonBuilder.java"":586 |","false","false","0.0","1.7976931348623157E308","-1.7976931348623157E308"
"com.google.gson.GsonBuilder.com.google.gson.GsonBuilder.create()","| gin.edit.line.ReplaceLine ""./gson/src/main/java/com/google/gson/GsonBuilder.java"":616 -> ""./gson/src/main/java/com/google/gson/GsonBuilder.java"":595 |","false","false","0.0","1.7976931348623157E308","-1.7976931348623157E308"
"com.google.gson.GsonBuilder.com.google.gson.GsonBuilder.create()","| gin.edit.transplant.ReplaceWithTransplantLine ""Donor.java"":8 -> ""./gson/src/main/java/com/google/gson/GsonBuilder.java"":593 |","false","false","0.0","1.7976931348623157E308","-1.7976931348623157E308"
"com.google.gson.GsonBuilder.com.google.gson.GsonBuilder.create()","| gin.edit.transplant.ReplaceWithTransplantLine ""Donor.java"":2 -> ""./gson/src/main/java/com/google/gson/GsonBuilder.java"":587 |","false","false","0.0","1.7976931348623157E308","-1.7976931348623157E308"
"com.google.gson.GsonBuilder.com.google.gson.GsonBuilder.create()","| gin.edit.transplant.ReplaceWithTransplantLine ""Donor.java"":8 -> ""./gson/src/main/java/com/google/gson/GsonBuilder.java"":588 |","false","false","0.0","1.7976931348623157E308","-1.7976931348623157E308"
"com.google.gson.GsonBuilder.com.google.gson.GsonBuilder.create()","| gin.edit.line.DeleteLine ""./gson/src/main/java/com/google/gson/GsonBuilder.java"":602 |","false","false","0.0","1.7976931348623157E308","-1.7976931348623157E308"
"com.google.gson.GsonBuilder.com.google.gson.GsonBuilder.create()","| gin.edit.line.CopyLine ""./gson/src/main/java/com/google/gson/GsonBuilder.java"":612 -> ""./gson/src/main/java/com/google/gson/GsonBuilder.java"":603 |","false","false","0.0","1.7976931348623157E308","-1.7976931348623157E308"
"com.google.gson.GsonBuilder.com.google.gson.GsonBuilder.create()","| gin.edit.line.ReplaceLine ""./gson/src/main/java/com/google/gson/GsonBuilder.java"":552 -> ""./gson/src/main/java/com/google/gson/GsonBuilder.java"":598 |","false","false","0.0","1.7976931348623157E308","-1.7976931348623157E308"
"com.google.gson.GsonBuilder.com.google.gson.GsonBuilder.create()","| gin.edit.line.ReplaceLine ""./gson/src/main/java/com/google/gson/GsonBuilder.java"":88 -> ""./gson/src/main/java/com/google/gson/GsonBuilder.java"":597 |","false","false","0.0","1.7976931348623157E308","-1.7976931348623157E308"
"com.google.gson.GsonBuilder.com.google.gson.GsonBuilder.create()","| gin.edit.line.SwapLine ""./gson/src/main/java/com/google/gson/GsonBuilder.java"":586 <-> ""./gson/src/main/java/com/google/gson/GsonBuilder.java"":586 |","true","true","9814.273","9814.0","1936.0"
"com.google.gson.GsonBuilder.com.google.gson.GsonBuilder.create()","| gin.edit.transplant.ReplaceWithTransplantLine ""Donor.java"":5 -> ""./gson/src/main/java/com/google/gson/GsonBuilder.java"":591 |","false","false","0.0","1.7976931348623157E308","-1.7976931348623157E308"
"com.google.gson.GsonBuilder.com.google.gson.GsonBuilder.create()","| gin.edit.line.SwapLine ""./gson/src/main/java/com/google/gson/GsonBuilder.java"":599 <-> ""./gson/src/main/java/com/google/gson/GsonBuilder.java"":599 |","true","true","10777.726","10777.0","973.0"
"com.google.gson.GsonBuilder.com.google.gson.GsonBuilder.create()","| gin.edit.transplant.ReplaceWithTransplantLine ""Donor.java"":8 -> ""./gson/src/main/java/com/google/gson/GsonBuilder.java"":591 |","false","false","0.0","1.7976931348623157E308","-1.7976931348623157E308"
"com.google.gson.GsonBuilder.com.google.gson.GsonBuilder.create()","| gin.edit.line.CopyLine ""./gson/src/main/java/com/google/gson/GsonBuilder.java"":608 -> ""./gson/src/main/java/com/google/gson/GsonBuilder.java"":603 | gin.edit.line.CopyLine ""./gson/src/main/java/com/google/gson/GsonBuilder.java"":412 -> ""./gson/src/main/java/com/google/gson/GsonBuilder.java"":588 |","false","false","0.0","1.7976931348623157E308","-1.7976931348623157E308"
"com.google.gson.GsonBuilder.com.google.gson.GsonBuilder.create()","| gin.edit.line.SwapLine ""./gson/src/main/java/com/google/gson/GsonBuilder.java"":586 <-> ""./gson/src/main/java/com/google/gson/GsonBuilder.java"":586 | gin.edit.transplant.ReplaceWithTransplantLine ""Donor.java"":10 -> ""./gson/src/main/java/com/google/gson/GsonBuilder.java"":586 |","false","false","0.0","1.7976931348623157E308","-1.7976931348623157E308"
"com.google.gson.GsonBuilder.com.google.gson.GsonBuilder.create()","| gin.edit.line.SwapLine ""./gson/src/main/java/com/google/gson/GsonBuilder.java"":586 <-> ""./gson/src/main/java/com/google/gson/GsonBuilder.java"":586 | gin.edit.line.CopyLine ""./gson/src/main/java/com/google/gson/GsonBuilder.java"":547 -> ""./gson/src/main/java/com/google/gson/GsonBuilder.java"":588 |","false","false","0.0","1.7976931348623157E308","-1.7976931348623157E308"
"com.google.gson.GsonBuilder.com.google.gson.GsonBuilder.create()","| gin.edit.line.SwapLine ""./gson/src/main/java/com/google/gson/GsonBuilder.java"":586 <-> ""./gson/src/main/java/com/google/gson/GsonBuilder.java"":586 | gin.edit.line.CopyLine ""./gson/src/main/java/com/google/gson/GsonBuilder.java"":113 -> ""./gson/src/main/java/com/google/gson/GsonBuilder.java"":587 |","false","false","0.0","1.7976931348623157E308","-1.7976931348623157E308"
"com.google.gson.GsonBuilder.com.google.gson.GsonBuilder.create()","| gin.edit.line.SwapLine ""./gson/src/main/java/com/google/gson/GsonBuilder.java"":601 <-> ""./gson/src/main/java/com/google/gson/GsonBuilder.java"":600 |","false","false","0.0","1.7976931348623157E308","-1.7976931348623157E308"
"com.google.gson.GsonBuilder.com.google.gson.GsonBuilder.create()","| gin.edit.line.CopyLine ""./gson/src/main/java/com/google/gson/GsonBuilder.java"":284 -> ""./gson/src/main/java/com/google/gson/GsonBuilder.java"":597 |","false","false","0.0","1.7976931348623157E308","-1.7976931348623157E308"
"com.google.gson.GsonBuilder.com.google.gson.GsonBuilder.create()","| gin.edit.transplant.ReplaceWithTransplantLine ""Donor.java"":15 -> ""./gson/src/main/java/com/google/gson/GsonBuilder.java"":603 |","false","false","0.0","1.7976931348623157E308","-1.7976931348623157E308"
"com.google.gson.GsonBuilder.com.google.gson.GsonBuilder.create()","| gin.edit.line.CopyLine ""./gson/src/main/java/com/google/gson/GsonBuilder.java"":498 -> ""./gson/src/main/java/com/google/gson/GsonBuilder.java"":589 |","false","false","0.0","1.7976931348623157E308","-1.7976931348623157E308"
"com.google.gson.GsonBuilder.com.google.gson.GsonBuilder.create()","| gin.edit.line.ReplaceLine ""./gson/src/main/java/com/google/gson/GsonBuilder.java"":192 -> ""./gson/src/main/java/com/google/gson/GsonBuilder.java"":598 |","false","false","0.0","1.7976931348623157E308","-1.7976931348623157E308"
"com.google.gson.GsonBuilder.com.google.gson.GsonBuilder.create()","| gin.edit.line.DeleteLine ""./gson/src/main/java/com/google/gson/GsonBuilder.java"":588 |","true","false","8925.151","1.7976931348623157E308","-1.7976931348623157E308"
"com.google.gson.GsonBuilder.com.google.gson.GsonBuilder.create()","| gin.edit.line.SwapLine ""./gson/src/main/java/com/google/gson/GsonBuilder.java"":599 <-> ""./gson/src/main/java/com/google/gson/GsonBuilder.java"":599 | gin.edit.line.SwapLine ""./gson/src/main/java/com/google/gson/GsonBuilder.java"":598 <-> ""./gson/src/main/java/com/google/gson/GsonBuilder.java"":598 |","true","true","10411.575","10411.0","1339.0"
"com.google.gson.GsonBuilder.com.google.gson.GsonBuilder.create()","| gin.edit.line.DeleteLine ""./gson/src/main/java/com/google/gson/GsonBuilder.java"":600 |","false","false","0.0","1.7976931348623157E308","-1.7976931348623157E308"
"com.google.gson.GsonBuilder.com.google.gson.GsonBuilder.create()","| gin.edit.line.SwapLine ""./gson/src/main/java/com/google/gson/GsonBuilder.java"":599 <-> ""./gson/src/main/java/com/google/gson/GsonBuilder.java"":599 | gin.edit.line.SwapLine ""./gson/src/main/java/com/google/gson/GsonBuilder.java"":587 <-> ""./gson/src/main/java/com/google/gson/GsonBuilder.java"":592 |","true","false","10191.097","1.7976931348623157E308","-1.7976931348623157E308"
"com.google.gson.GsonBuilder.com.google.gson.GsonBuilder.create()","| gin.edit.line.CopyLine ""./gson/src/main/java/com/google/gson/GsonBuilder.java"":284 -> ""./gson/src/main/java/com/google/gson/GsonBuilder.java"":586 |","false","false","0.0","1.7976931348623157E308","-1.7976931348623157E308"
"com.google.gson.GsonBuilder.com.google.gson.GsonBuilder.create()","| gin.edit.line.SwapLine ""./gson/src/main/java/com/google/gson/GsonBuilder.java"":599 <-> ""./gson/src/main/java/com/google/gson/GsonBuilder.java"":599 | gin.edit.line.SwapLine ""./gson/src/main/java/com/google/gson/GsonBuilder.java"":592 <-> ""./gson/src/main/java/com/google/gson/GsonBuilder.java"":595 |","true","false","11447.012","1.7976931348623157E308","-1.7976931348623157E308"
"com.google.gson.GsonBuilder.com.google.gson.GsonBuilder.create()","| gin.edit.line.SwapLine ""./gson/src/main/java/com/google/gson/GsonBuilder.java"":599 <-> ""./gson/src/main/java/com/google/gson/GsonBuilder.java"":599 | gin.edit.line.CopyLine ""./gson/src/main/java/com/google/gson/GsonBuilder.java"":81 -> ""./gson/src/main/java/com/google/gson/GsonBuilder.java"":601 |","false","false","0.0","1.7976931348623157E308","-1.7976931348623157E308"
"com.google.gson.GsonBuilder.com.google.gson.GsonBuilder.create()","| gin.edit.line.SwapLine ""./gson/src/main/java/com/google/gson/GsonBuilder.java"":595 <-> ""./gson/src/main/java/com/google/gson/GsonBuilder.java"":591 |","true","true","10935.089","10935.0","815.0"
"com.google.gson.GsonBuilder.com.google.gson.GsonBuilder.create()","| gin.edit.line.SwapLine ""./gson/src/main/java/com/google/gson/GsonBuilder.java"":599 <-> ""./gson/src/main/java/com/google/gson/GsonBuilder.java"":599 | gin.edit.line.DeleteLine ""./gson/src/main/java/com/google/gson/GsonBuilder.java"":588 |","true","false","10302.639","1.7976931348623157E308","-1.7976931348623157E308"
"com.google.gson.GsonBuilder.com.google.gson.GsonBuilder.create()","| gin.edit.transplant.ReplaceWithTransplantLine ""Donor.java"":6 -> ""./gson/src/main/java/com/google/gson/GsonBuilder.java"":592 |","false","false","0.0","1.7976931348623157E308","-1.7976931348623157E308"
"com.google.gson.GsonBuilder.com.google.gson.GsonBuilder.create()","| gin.edit.line.ReplaceLine ""./gson/src/main/java/com/google/gson/GsonBuilder.java"":180 -> ""./gson/src/main/java/com/google/gson/GsonBuilder.java"":599 |","false","false","0.0","1.7976931348623157E308","-1.7976931348623157E308"
"com.google.gson.GsonBuilder.com.google.gson.GsonBuilder.create()","| gin.edit.line.DeleteLine ""./gson/src/main/java/com/google/gson/GsonBuilder.java"":588 |","true","false","8887.863","1.7976931348623157E308","-1.7976931348623157E308"
"com.google.gson.GsonBuilder.com.google.gson.GsonBuilder.create()","| gin.edit.line.SwapLine ""./gson/src/main/java/com/google/gson/GsonBuilder.java"":599 <-> ""./gson/src/main/java/com/google/gson/GsonBuilder.java"":599 | gin.edit.line.ReplaceLine ""./gson/src/main/java/com/google/gson/GsonBuilder.java"":601 -> ""./gson/src/main/java/com/google/gson/GsonBuilder.java"":600 |","false","false","0.0","1.7976931348623157E308","-1.7976931348623157E308"
"com.google.gson.GsonBuilder.com.google.gson.GsonBuilder.create()","| gin.edit.line.SwapLine ""./gson/src/main/java/com/google/gson/GsonBuilder.java"":595 <-> ""./gson/src/main/java/com/google/gson/GsonBuilder.java"":591 | gin.edit.line.DeleteLine ""./gson/src/main/java/com/google/gson/GsonBuilder.java"":587 |","true","false","22526.121","1.7976931348623157E308","-1.7976931348623157E308"
"com.google.gson.GsonBuilder.com.google.gson.GsonBuilder.create()","| gin.edit.transplant.ReplaceWithTransplantLine ""Donor.java"":7 -> ""./gson/src/main/java/com/google/gson/GsonBuilder.java"":599 |","false","false","0.0","1.7976931348623157E308","-1.7976931348623157E308"
"com.google.gson.GsonBuilder.com.google.gson.GsonBuilder.create()","| gin.edit.line.SwapLine ""./gson/src/main/java/com/google/gson/GsonBuilder.java"":589 <-> ""./gson/src/main/java/com/google/gson/GsonBuilder.java"":603 |","false","false","0.0","1.7976931348623157E308","-1.7976931348623157E308"
"com.google.gson.GsonBuilder.com.google.gson.GsonBuilder.create()","| gin.edit.line.SwapLine ""./gson/src/main/java/com/google/gson/GsonBuilder.java"":595 <-> ""./gson/src/main/java/com/google/gson/GsonBuilder.java"":591 | gin.edit.line.CopyLine ""./gson/src/main/java/com/google/gson/GsonBuilder.java"":128 -> ""./gson/src/main/java/com/google/gson/GsonBuilder.java"":586 |","false","false","0.0","1.7976931348623157E308","-1.7976931348623157E308"
"com.google.gson.GsonBuilder.com.google.gson.GsonBuilder.create()","| gin.edit.line.DeleteLine ""./gson/src/main/java/com/google/gson/GsonBuilder.java"":602 |","false","false","0.0","1.7976931348623157E308","-1.7976931348623157E308"
"com.google.gson.GsonBuilder.com.google.gson.GsonBuilder.create()","| gin.edit.transplant.ReplaceWithTransplantLine ""Donor.java"":19 -> ""./gson/src/main/java/com/google/gson/GsonBuilder.java"":587 |","false","false","0.0","1.7976931348623157E308","-1.7976931348623157E308"
"com.google.gson.GsonBuilder.com.google.gson.GsonBuilder.create()","| gin.edit.line.SwapLine ""./gson/src/main/java/com/google/gson/GsonBuilder.java"":593 <-> ""./gson/src/main/java/com/google/gson/GsonBuilder.java"":587 |","true","false","11438.597","1.7976931348623157E308","-1.7976931348623157E308"
"com.google.gson.GsonBuilder.com.google.gson.GsonBuilder.create()","| gin.edit.transplant.ReplaceWithTransplantLine ""Donor.java"":12 -> ""./gson/src/main/java/com/google/gson/GsonBuilder.java"":595 |","false","false","0.0","1.7976931348623157E308","-1.7976931348623157E308"
"com.google.gson.GsonBuilder.com.google.gson.GsonBuilder.create()","| gin.edit.line.SwapLine ""./gson/src/main/java/com/google/gson/GsonBuilder.java"":599 <-> ""./gson/src/main/java/com/google/gson/GsonBuilder.java"":599 | gin.edit.line.SwapLine ""./gson/src/main/java/com/google/gson/GsonBuilder.java"":598 <-> ""./gson/src/main/java/com/google/gson/GsonBuilder.java"":598 | gin.edit.line.ReplaceLine ""./gson/src/main/java/com/google/gson/GsonBuilder.java"":297 -> ""./gson/src/main/java/com/google/gson/GsonBuilder.java"":603 |","false","false","0.0","1.7976931348623157E308","-1.7976931348623157E308"
"com.google.gson.GsonBuilder.com.google.gson.GsonBuilder.create()","| gin.edit.line.CopyLine ""./gson/src/main/java/com/google/gson/GsonBuilder.java"":358 -> ""./gson/src/main/java/com/google/gson/GsonBuilder.java"":597 |","false","false","0.0","1.7976931348623157E308","-1.7976931348623157E308"
"com.google.gson.GsonBuilder.com.google.gson.GsonBuilder.create()","| gin.edit.line.CopyLine ""./gson/src/main/java/com/google/gson/GsonBuilder.java"":119 -> ""./gson/src/main/java/com/google/gson/GsonBuilder.java"":600 |","false","false","0.0","1.7976931348623157E308","-1.7976931348623157E308"
"com.google.gson.GsonBuilder.com.google.gson.GsonBuilder.create()","| gin.edit.line.SwapLine ""./gson/src/main/java/com/google/gson/GsonBuilder.java"":598 <-> ""./gson/src/main/java/com/google/gson/GsonBuilder.java"":598 | gin.edit.line.DeleteLine ""./gson/src/main/java/com/google/gson/GsonBuilder.java"":587 |","true","false","19679.184","1.7976931348623157E308","-1.7976931348623157E308"
"com.google.gson.GsonBuilder.com.google.gson.GsonBuilder.create()","| gin.edit.line.DeleteLine ""./gson/src/main/java/com/google/gson/GsonBuilder.java"":599 |","false","false","0.0","1.7976931348623157E308","-1.7976931348623157E308"
"com.google.gson.GsonBuilder.com.google.gson.GsonBuilder.create()","| gin.edit.transplant.ReplaceWithTransplantLine ""Donor.java"":2 -> ""./gson/src/main/java/com/google/gson/GsonBuilder.java"":589 |","false","false","0.0","1.7976931348623157E308","-1.7976931348623157E308"
"com.google.gson.GsonBuilder.com.google.gson.GsonBuilder.create()","| gin.edit.line.CopyLine ""./gson/src/main/java/com/google/gson/GsonBuilder.java"":524 -> ""./gson/src/main/java/com/google/gson/GsonBuilder.java"":600 |","false","false","0.0","1.7976931348623157E308","-1.7976931348623157E308"
"com.google.gson.GsonBuilder.com.google.gson.GsonBuilder.create()","| gin.edit.line.ReplaceLine ""./gson/src/main/java/com/google/gson/GsonBuilder.java"":15 -> ""./gson/src/main/java/com/google/gson/GsonBuilder.java"":602 |","false","false","0.0","1.7976931348623157E308","-1.7976931348623157E308"
"com.google.gson.GsonBuilder.com.google.gson.GsonBuilder.create()","| gin.edit.transplant.ReplaceWithTransplantLine ""Donor.java"":12 -> ""./gson/src/main/java/com/google/gson/GsonBuilder.java"":603 |","false","false","0.0","1.7976931348623157E308","-1.7976931348623157E308"
"com.google.gson.GsonBuilder.com.google.gson.GsonBuilder.create()","| gin.edit.line.SwapLine ""./gson/src/main/java/com/google/gson/GsonBuilder.java"":592 <-> ""./gson/src/main/java/com/google/gson/GsonBuilder.java"":602 |","false","false","0.0","1.7976931348623157E308","-1.7976931348623157E308"
"com.google.gson.GsonBuilder.com.google.gson.GsonBuilder.create()","| gin.edit.transplant.ReplaceWithTransplantLine ""Donor.java"":13 -> ""./gson/src/main/java/com/google/gson/GsonBuilder.java"":598 |","false","false","0.0","1.7976931348623157E308","-1.7976931348623157E308"
"com.google.gson.GsonBuilder.com.google.gson.GsonBuilder.create()","| gin.edit.line.DeleteLine ""./gson/src/main/java/com/google/gson/GsonBuilder.java"":587 |","true","false","20629.295","1.7976931348623157E308","-1.7976931348623157E308"
"com.google.gson.GsonBuilder.com.google.gson.GsonBuilder.create()","| gin.edit.line.SwapLine ""./gson/src/main/java/com/google/gson/GsonBuilder.java"":595 <-> ""./gson/src/main/java/com/google/gson/GsonBuilder.java"":591 | gin.edit.line.DeleteLine ""./gson/src/main/java/com/google/gson/GsonBuilder.java"":589 |","true","false","11060.892","1.7976931348623157E308","-1.7976931348623157E308"
"com.google.gson.GsonBuilder.com.google.gson.GsonBuilder.create()","| gin.edit.line.ReplaceLine ""./gson/src/main/java/com/google/gson/GsonBuilder.java"":340 -> ""./gson/src/main/java/com/google/gson/GsonBuilder.java"":587 |","false","false","0.0","1.7976931348623157E308","-1.7976931348623157E308"
"com.google.gson.GsonBuilder.com.google.gson.GsonBuilder.create()","| gin.edit.line.CopyLine ""./gson/src/main/java/com/google/gson/GsonBuilder.java"":576 -> ""./gson/src/main/java/com/google/gson/GsonBuilder.java"":601 |","false","false","0.0","1.7976931348623157E308","-1.7976931348623157E308"
"com.google.gson.GsonBuilder.com.google.gson.GsonBuilder.create()","| gin.edit.transplant.ReplaceWithTransplantLine ""Donor.java"":10 -> ""./gson/src/main/java/com/google/gson/GsonBuilder.java"":601 |","false","false","0.0","1.7976931348623157E308","-1.7976931348623157E308"
"com.google.gson.GsonBuilder.com.google.gson.GsonBuilder.create()","| gin.edit.line.ReplaceLine ""./gson/src/main/java/com/google/gson/GsonBuilder.java"":115 -> ""./gson/src/main/java/com/google/gson/GsonBuilder.java"":603 |","false","false","0.0","1.7976931348623157E308","-1.7976931348623157E308"
"com.google.gson.GsonBuilder.com.google.gson.GsonBuilder.create()","| gin.edit.line.SwapLine ""./gson/src/main/java/com/google/gson/GsonBuilder.java"":593 <-> ""./gson/src/main/java/com/google/gson/GsonBuilder.java"":595 |","true","true","10428.77","10428.0","1322.0"
"com.google.gson.GsonBuilder.com.google.gson.GsonBuilder.create()","| gin.edit.line.SwapLine ""./gson/src/main/java/com/google/gson/GsonBuilder.java"":603 <-> ""./gson/src/main/java/com/google/gson/GsonBuilder.java"":595 |","false","false","0.0","1.7976931348623157E308","-1.7976931348623157E308"
"com.google.gson.GsonBuilder.com.google.gson.GsonBuilder.create()","| gin.edit.transplant.ReplaceWithTransplantLine ""Donor.java"":3 -> ""./gson/src/main/java/com/google/gson/GsonBuilder.java"":599 |","false","false","0.0","1.7976931348623157E308","-1.7976931348623157E308"
"com.google.gson.GsonBuilder.com.google.gson.GsonBuilder.create()","| gin.edit.line.CopyLine ""./gson/src/main/java/com/google/gson/GsonBuilder.java"":95 -> ""./gson/src/main/java/com/google/gson/GsonBuilder.java"":589 |","false","false","0.0","1.7976931348623157E308","-1.7976931348623157E308"
"com.google.gson.GsonBuilder.com.google.gson.GsonBuilder.create()","| gin.edit.line.ReplaceLine ""./gson/src/main/java/com/google/gson/GsonBuilder.java"":120 -> ""./gson/src/main/java/com/google/gson/GsonBuilder.java"":595 |","false","false","0.0","1.7976931348623157E308","-1.7976931348623157E308"
"com.google.gson.GsonBuilder.com.google.gson.GsonBuilder.create()","| gin.edit.line.CopyLine ""./gson/src/main/java/com/google/gson/GsonBuilder.java"":82 -> ""./gson/src/main/java/com/google/gson/GsonBuilder.java"":595 |","false","false","0.0","1.7976931348623157E308","-1.7976931348623157E308"
"com.google.gson.GsonBuilder.com.google.gson.GsonBuilder.create()","| gin.edit.line.ReplaceLine ""./gson/src/main/java/com/google/gson/GsonBuilder.java"":542 -> ""./gson/src/main/java/com/google/gson/GsonBuilder.java"":598 |","false","false","0.0","1.7976931348623157E308","-1.7976931348623157E308"
"com.google.gson.GsonBuilder.com.google.gson.GsonBuilder.create()","| gin.edit.line.DeleteLine ""./gson/src/main/java/com/google/gson/GsonBuilder.java"":593 |","true","false","11436.749","1.7976931348623157E308","-1.7976931348623157E308"
"com.google.gson.GsonBuilder.com.google.gson.GsonBuilder.create()","| gin.edit.line.SwapLine ""./gson/src/main/java/com/google/gson/GsonBuilder.java"":597 <-> ""./gson/src/main/java/com/google/gson/GsonBuilder.java"":586 |","false","false","0.0","1.7976931348623157E308","-1.7976931348623157E308"
"com.google.gson.GsonBuilder.com.google.gson.GsonBuilder.create()","| gin.edit.transplant.ReplaceWithTransplantLine ""Donor.java"":3 -> ""./gson/src/main/java/com/google/gson/GsonBuilder.java"":603 |","false","false","0.0","1.7976931348623157E308","-1.7976931348623157E308"
"com.google.gson.GsonBuilder.com.google.gson.GsonBuilder.create()","| gin.edit.line.ReplaceLine ""./gson/src/main/java/com/google/gson/GsonBuilder.java"":552 -> ""./gson/src/main/java/com/google/gson/GsonBuilder.java"":589 |","false","false","0.0","1.7976931348623157E308","-1.7976931348623157E308"
"com.google.gson.GsonBuilder.com.google.gson.GsonBuilder.create()","| gin.edit.line.SwapLine ""./gson/src/main/java/com/google/gson/GsonBuilder.java"":588 <-> ""./gson/src/main/java/com/google/gson/GsonBuilder.java"":595 |","true","false","12372.02","1.7976931348623157E308","-1.7976931348623157E308"
"com.google.gson.GsonBuilder.com.google.gson.GsonBuilder.create()","| gin.edit.line.CopyLine ""./gson/src/main/java/com/google/gson/GsonBuilder.java"":81 -> ""./gson/src/main/java/com/google/gson/GsonBuilder.java"":599 |","false","false","0.0","1.7976931348623157E308","-1.7976931348623157E308"
"com.google.gson.GsonBuilder.com.google.gson.GsonBuilder.create()","| gin.edit.line.DeleteLine ""./gson/src/main/java/com/google/gson/GsonBuilder.java"":586 |","false","false","0.0","1.7976931348623157E308","-1.7976931348623157E308"
"com.google.gson.GsonBuilder.com.google.gson.GsonBuilder.create()","| gin.edit.transplant.ReplaceWithTransplantLine ""Donor.java"":1 -> ""./gson/src/main/java/com/google/gson/GsonBuilder.java"":598 |","false","false","0.0","1.7976931348623157E308","-1.7976931348623157E308"
"com.google.gson.GsonBuilder.com.google.gson.GsonBuilder.create()","| gin.edit.line.CopyLine ""./gson/src/main/java/com/google/gson/GsonBuilder.java"":299 -> ""./gson/src/main/java/com/google/gson/GsonBuilder.java"":599 |","false","false","0.0","1.7976931348623157E308","-1.7976931348623157E308"
"com.google.gson.GsonBuilder.com.google.gson.GsonBuilder.create()","| gin.edit.line.CopyLine ""./gson/src/main/java/com/google/gson/GsonBuilder.java"":182 -> ""./gson/src/main/java/com/google/gson/GsonBuilder.java"":602 |","false","false","0.0","1.7976931348623157E308","-1.7976931348623157E308"
"com.google.gson.GsonBuilder.com.google.gson.GsonBuilder.create()","| gin.edit.line.DeleteLine ""./gson/src/main/java/com/google/gson/GsonBuilder.java"":589 |","true","false","12958.74","1.7976931348623157E308","-1.7976931348623157E308"
"com.google.gson.GsonBuilder.com.google.gson.GsonBuilder.create()","| gin.edit.line.SwapLine ""./gson/src/main/java/com/google/gson/GsonBuilder.java"":593 <-> ""./gson/src/main/java/com/google/gson/GsonBuilder.java"":595 | gin.edit.transplant.ReplaceWithTransplantLine ""Donor.java"":5 -> ""./gson/src/main/java/com/google/gson/GsonBuilder.java"":599 |","false","false","0.0","1.7976931348623157E308","-1.7976931348623157E308"
"com.google.gson.GsonBuilder.com.google.gson.GsonBuilder.create()","| gin.edit.transplant.ReplaceWithTransplantLine ""Donor.java"":10 -> ""./gson/src/main/java/com/google/gson/GsonBuilder.java"":588 |","false","false","0.0","1.7976931348623157E308","-1.7976931348623157E308"
"com.google.gson.GsonBuilder.com.google.gson.GsonBuilder.create()","| gin.edit.line.SwapLine ""./gson/src/main/java/com/google/gson/GsonBuilder.java"":593 <-> ""./gson/src/main/java/com/google/gson/GsonBuilder.java"":595 | gin.edit.line.CopyLine ""./gson/src/main/java/com/google/gson/GsonBuilder.java"":545 -> ""./gson/src/main/java/com/google/gson/GsonBuilder.java"":589 |","false","false","0.0","1.7976931348623157E308","-1.7976931348623157E308"
"com.google.gson.GsonBuilder.com.google.gson.GsonBuilder.create()","| gin.edit.line.ReplaceLine ""./gson/src/main/java/com/google/gson/GsonBuilder.java"":116 -> ""./gson/src/main/java/com/google/gson/GsonBuilder.java"":599 |","false","false","0.0","1.7976931348623157E308","-1.7976931348623157E308"
"com.google.gson.GsonBuilder.com.google.gson.GsonBuilder.create()","| gin.edit.line.SwapLine ""./gson/src/main/java/com/google/gson/GsonBuilder.java"":592 <-> ""./gson/src/main/java/com/google/gson/GsonBuilder.java"":597 |","false","false","0.0","1.7976931348623157E308","-1.7976931348623157E308"
"com.google.gson.GsonBuilder.com.google.gson.GsonBuilder.create()","| gin.edit.line.DeleteLine ""./gson/src/main/java/com/google/gson/GsonBuilder.java"":593 |","true","false","10997.846","1.7976931348623157E308","-1.7976931348623157E308"
"com.google.gson.GsonBuilder.com.google.gson.GsonBuilder.create()","| gin.edit.transplant.ReplaceWithTransplantLine ""Donor.java"":6 -> ""./gson/src/main/java/com/google/gson/GsonBuilder.java"":599 |","false","false","0.0","1.7976931348623157E308","-1.7976931348623157E308"
"com.google.gson.GsonBuilder.com.google.gson.GsonBuilder.create()","| gin.edit.transplant.ReplaceWithTransplantLine ""Donor.java"":13 -> ""./gson/src/main/java/com/google/gson/GsonBuilder.java"":599 |","false","false","0.0","1.7976931348623157E308","-1.7976931348623157E308"
"com.google.gson.GsonBuilder.com.google.gson.GsonBuilder.create()","| gin.edit.line.ReplaceLine ""./gson/src/main/java/com/google/gson/GsonBuilder.java"":340 -> ""./gson/src/main/java/com/google/gson/GsonBuilder.java"":599 |","false","false","0.0","1.7976931348623157E308","-1.7976931348623157E308"
"com.google.gson.GsonBuilder.com.google.gson.GsonBuilder.create()","| gin.edit.line.SwapLine ""./gson/src/main/java/com/google/gson/GsonBuilder.java"":603 <-> ""./gson/src/main/java/com/google/gson/GsonBuilder.java"":601 |","false","false","0.0","1.7976931348623157E308","-1.7976931348623157E308"
"com.google.gson.GsonBuilder.com.google.gson.GsonBuilder.create()","| gin.edit.line.SwapLine ""./gson/src/main/java/com/google/gson/GsonBuilder.java"":595 <-> ""./gson/src/main/java/com/google/gson/GsonBuilder.java"":586 |","false","false","0.0","1.7976931348623157E308","-1.7976931348623157E308"
"com.google.gson.GsonBuilder.com.google.gson.GsonBuilder.create()","| gin.edit.line.SwapLine ""./gson/src/main/java/com/google/gson/GsonBuilder.java"":593 <-> ""./gson/src/main/java/com/google/gson/GsonBuilder.java"":595 | gin.edit.line.SwapLine ""./gson/src/main/java/com/google/gson/GsonBuilder.java"":600 <-> ""./gson/src/main/java/com/google/gson/GsonBuilder.java"":591 |","false","false","0.0","1.7976931348623157E308","-1.7976931348623157E308"
"com.google.gson.GsonBuilder.com.google.gson.GsonBuilder.create()","| gin.edit.line.SwapLine ""./gson/src/main/java/com/google/gson/GsonBuilder.java"":593 <-> ""./gson/src/main/java/com/google/gson/GsonBuilder.java"":595 | gin.edit.line.DeleteLine ""./gson/src/main/java/com/google/gson/GsonBuilder.java"":589 |","true","false","12493.512","1.7976931348623157E308","-1.7976931348623157E308"
"com.google.gson.GsonBuilder.com.google.gson.GsonBuilder.create()","| gin.edit.line.SwapLine ""./gson/src/main/java/com/google/gson/GsonBuilder.java"":593 <-> ""./gson/src/main/java/com/google/gson/GsonBuilder.java"":595 | gin.edit.line.SwapLine ""./gson/src/main/java/com/google/gson/GsonBuilder.java"":593 <-> ""./gson/src/main/java/com/google/gson/GsonBuilder.java"":595 | gin.edit.transplant.ReplaceWithTransplantLine ""Donor.java"":7 -> ""./gson/src/main/java/com/google/gson/GsonBuilder.java"":592 |","true","false","10163.802","1.7976931348623157E308","-1.7976931348623157E308"
"com.google.gson.GsonBuilder.com.google.gson.GsonBuilder.create()","| gin.edit.line.SwapLine ""./gson/src/main/java/com/google/gson/GsonBuilder.java"":593 <-> ""./gson/src/main/java/com/google/gson/GsonBuilder.java"":595 | gin.edit.line.DeleteLine ""./gson/src/main/java/com/google/gson/GsonBuilder.java"":588 |","true","false","9511.669","1.7976931348623157E308","-1.7976931348623157E308"
"com.google.gson.GsonBuilder.com.google.gson.GsonBuilder.create()","| gin.edit.transplant.ReplaceWithTransplantLine ""Donor.java"":2 -> ""./gson/src/main/java/com/google/gson/GsonBuilder.java"":597 |","false","false","0.0","1.7976931348623157E308","-1.7976931348623157E308"
"com.google.gson.GsonBuilder.com.google.gson.GsonBuilder.create()","| gin.edit.transplant.ReplaceWithTransplantLine ""Donor.java"":15 -> ""./gson/src/main/java/com/google/gson/GsonBuilder.java"":588 |","false","false","0.0","1.7976931348623157E308","-1.7976931348623157E308"
"com.google.gson.GsonBuilder.com.google.gson.GsonBuilder.create()","| gin.edit.line.SwapLine ""./gson/src/main/java/com/google/gson/GsonBuilder.java"":588 <-> ""./gson/src/main/java/com/google/gson/GsonBuilder.java"":603 |","false","false","0.0","1.7976931348623157E308","-1.7976931348623157E308"
"com.google.gson.GsonBuilder.com.google.gson.GsonBuilder.create()","| gin.edit.line.ReplaceLine ""./gson/src/main/java/com/google/gson/GsonBuilder.java"":84 -> ""./gson/src/main/java/com/google/gson/GsonBuilder.java"":591 |","false","false","0.0","1.7976931348623157E308","-1.7976931348623157E308"
"com.google.gson.GsonBuilder.com.google.gson.GsonBuilder.create()","| gin.edit.line.SwapLine ""./gson/src/main/java/com/google/gson/GsonBuilder.java"":593 <-> ""./gson/src/main/java/com/google/gson/GsonBuilder.java"":595 | gin.edit.line.SwapLine ""./gson/src/main/java/com/google/gson/GsonBuilder.java"":591 <-> ""./gson/src/main/java/com/google/gson/GsonBuilder.java"":592 |","true","true","11033.554","11033.0","717.0"
"com.google.gson.GsonBuilder.com.google.gson.GsonBuilder.create()","| gin.edit.line.ReplaceLine ""./gson/src/main/java/com/google/gson/GsonBuilder.java"":88 -> ""./gson/src/main/java/com/google/gson/GsonBuilder.java"":603 |","false","false","0.0","1.7976931348623157E308","-1.7976931348623157E308"
"com.google.gson.GsonBuilder.com.google.gson.GsonBuilder.create()","| gin.edit.line.CopyLine ""./gson/src/main/java/com/google/gson/GsonBuilder.java"":452 -> ""./gson/src/main/java/com/google/gson/GsonBuilder.java"":589 |","false","false","0.0","1.7976931348623157E308","-1.7976931348623157E308"
"com.google.gson.GsonBuilder.com.google.gson.GsonBuilder.create()","| gin.edit.line.SwapLine ""./gson/src/main/java/com/google/gson/GsonBuilder.java"":599 <-> ""./gson/src/main/java/com/google/gson/GsonBuilder.java"":587 |","false","false","0.0","1.7976931348623157E308","-1.7976931348623157E308"
"com.google.gson.GsonBuilder.com.google.gson.GsonBuilder.create()","| gin.edit.line.DeleteLine ""./gson/src/main/java/com/google/gson/GsonBuilder.java"":589 |","true","false","9541.673","1.7976931348623157E308","-1.7976931348623157E308"
"com.google.gson.GsonBuilder.com.google.gson.GsonBuilder.create()","| gin.edit.line.ReplaceLine ""./gson/src/main/java/com/google/gson/GsonBuilder.java"":627 -> ""./gson/src/main/java/com/google/gson/GsonBuilder.java"":595 |","false","false","0.0","1.7976931348623157E308","-1.7976931348623157E308"
"com.google.gson.GsonBuilder.com.google.gson.GsonBuilder.create()","| gin.edit.line.SwapLine ""./gson/src/main/java/com/google/gson/GsonBuilder.java"":593 <-> ""./gson/src/main/java/com/google/gson/GsonBuilder.java"":595 | gin.edit.line.SwapLine ""./gson/src/main/java/com/google/gson/GsonBuilder.java"":591 <-> ""./gson/src/main/java/com/google/gson/GsonBuilder.java"":592 | gin.edit.line.SwapLine ""./gson/src/main/java/com/google/gson/GsonBuilder.java"":602 <-> ""./gson/src/main/java/com/google/gson/GsonBuilder.java"":586 |","false","false","0.0","1.7976931348623157E308","-1.7976931348623157E308"
"com.google.gson.GsonBuilder.com.google.gson.GsonBuilder.create()","| gin.edit.line.SwapLine ""./gson/src/main/java/com/google/gson/GsonBuilder.java"":593 <-> ""./gson/src/main/java/com/google/gson/GsonBuilder.java"":595 | gin.edit.line.DeleteLine ""./gson/src/main/java/com/google/gson/GsonBuilder.java"":592 |","true","false","10783.381","1.7976931348623157E308","-1.7976931348623157E308"
"com.google.gson.GsonBuilder.com.google.gson.GsonBuilder.create()","| gin.edit.transplant.ReplaceWithTransplantLine ""Donor.java"":19 -> ""./gson/src/main/java/com/google/gson/GsonBuilder.java"":599 |","false","false","0.0","1.7976931348623157E308","-1.7976931348623157E308"
"com.google.gson.GsonBuilder.com.google.gson.GsonBuilder.create()","| gin.edit.line.DeleteLine ""./gson/src/main/java/com/google/gson/GsonBuilder.java"":603 |","false","false","0.0","1.7976931348623157E308","-1.7976931348623157E308"
"com.google.gson.GsonBuilder.com.google.gson.GsonBuilder.create()","| gin.edit.line.SwapLine ""./gson/src/main/java/com/google/gson/GsonBuilder.java"":593 <-> ""./gson/src/main/java/com/google/gson/GsonBuilder.java"":595 | gin.edit.line.SwapLine ""./gson/src/main/java/com/google/gson/GsonBuilder.java"":591 <-> ""./gson/src/main/java/com/google/gson/GsonBuilder.java"":592 | gin.edit.line.CopyLine ""./gson/src/main/java/com/google/gson/GsonBuilder.java"":474 -> ""./gson/src/main/java/com/google/gson/GsonBuilder.java"":603 |","false","false","0.0","1.7976931348623157E308","-1.7976931348623157E308"
"com.google.gson.GsonBuilder.com.google.gson.GsonBuilder.create()","| gin.edit.line.SwapLine ""./gson/src/main/java/com/google/gson/GsonBuilder.java"":592 <-> ""./gson/src/main/java/com/google/gson/GsonBuilder.java"":601 |","false","false","0.0","1.7976931348623157E308","-1.7976931348623157E308"
"com.google.gson.GsonBuilder.com.google.gson.GsonBuilder.create()","| gin.edit.line.SwapLine ""./gson/src/main/java/com/google/gson/GsonBuilder.java"":591 <-> ""./gson/src/main/java/com/google/gson/GsonBuilder.java"":592 | gin.edit.line.DeleteLine ""./gson/src/main/java/com/google/gson/GsonBuilder.java"":598 |","false","false","0.0","1.7976931348623157E308","-1.7976931348623157E308"
"com.google.gson.GsonBuilder.com.google.gson.GsonBuilder.create()","| gin.edit.line.SwapLine ""./gson/src/main/java/com/google/gson/GsonBuilder.java"":600 <-> ""./gson/src/main/java/com/google/gson/GsonBuilder.java"":593 |","false","false","0.0","1.7976931348623157E308","-1.7976931348623157E308"
"com.google.gson.GsonBuilder.com.google.gson.GsonBuilder.create()","| gin.edit.transplant.ReplaceWithTransplantLine ""Donor.java"":6 -> ""./gson/src/main/java/com/google/gson/GsonBuilder.java"":586 |","false","false","0.0","1.7976931348623157E308","-1.7976931348623157E308"
"com.google.gson.GsonBuilder.com.google.gson.GsonBuilder.create()","| gin.edit.line.SwapLine ""./gson/src/main/java/com/google/gson/GsonBuilder.java"":602 <-> ""./gson/src/main/java/com/google/gson/GsonBuilder.java"":589 |","false","false","0.0","1.7976931348623157E308","-1.7976931348623157E308"
"com.google.gson.GsonBuilder.com.google.gson.GsonBuilder.create()","| gin.edit.line.CopyLine ""./gson/src/main/java/com/google/gson/GsonBuilder.java"":340 -> ""./gson/src/main/java/com/google/gson/GsonBuilder.java"":601 |","false","false","0.0","1.7976931348623157E308","-1.7976931348623157E308"
"com.google.gson.GsonBuilder.com.google.gson.GsonBuilder.create()","| gin.edit.transplant.ReplaceWithTransplantLine ""Donor.java"":15 -> ""./gson/src/main/java/com/google/gson/GsonBuilder.java"":600 |","false","false","0.0","1.7976931348623157E308","-1.7976931348623157E308"
"com.google.gson.GsonBuilder.com.google.gson.GsonBuilder.create()","| gin.edit.line.SwapLine ""./gson/src/main/java/com/google/gson/GsonBuilder.java"":593 <-> ""./gson/src/main/java/com/google/gson/GsonBuilder.java"":595 | gin.edit.line.SwapLine ""./gson/src/main/java/com/google/gson/GsonBuilder.java"":591 <-> ""./gson/src/main/java/com/google/gson/GsonBuilder.java"":592 | gin.edit.line.SwapLine ""./gson/src/main/java/com/google/gson/GsonBuilder.java"":587 <-> ""./gson/src/main/java/com/google/gson/GsonBuilder.java"":591 |","true","false","10613.348","1.7976931348623157E308","-1.7976931348623157E308"
"com.google.gson.GsonBuilder.com.google.gson.GsonBuilder.create()","| gin.edit.transplant.ReplaceWithTransplantLine ""Donor.java"":19 -> ""./gson/src/main/java/com/google/gson/GsonBuilder.java"":593 |","false","false","0.0","1.7976931348623157E308","-1.7976931348623157E308"
"com.google.gson.GsonBuilder.com.google.gson.GsonBuilder.create()","| gin.edit.line.SwapLine ""./gson/src/main/java/com/google/gson/GsonBuilder.java"":591 <-> ""./gson/src/main/java/com/google/gson/GsonBuilder.java"":592 | gin.edit.line.CopyLine ""./gson/src/main/java/com/google/gson/GsonBuilder.java"":86 -> ""./gson/src/main/java/com/google/gson/GsonBuilder.java"":600 |","false","false","0.0","1.7976931348623157E308","-1.7976931348623157E308"
"com.google.gson.GsonBuilder.com.google.gson.GsonBuilder.create()","| gin.edit.line.SwapLine ""./gson/src/main/java/com/google/gson/GsonBuilder.java"":593 <-> ""./gson/src/main/java/com/google/gson/GsonBuilder.java"":595 | gin.edit.line.SwapLine ""./gson/src/main/java/com/google/gson/GsonBuilder.java"":591 <-> ""./gson/src/main/java/com/google/gson/GsonBuilder.java"":592 | gin.edit.line.ReplaceLine ""./gson/src/main/java/com/google/gson/GsonBuilder.java"":605 -> ""./gson/src/main/java/com/google/gson/GsonBuilder.java"":599 |","false","false","0.0","1.7976931348623157E308","-1.7976931348623157E308"
"com.google.gson.GsonBuilder.com.google.gson.GsonBuilder.create()","| gin.edit.transplant.ReplaceWithTransplantLine ""Donor.java"":12 -> ""./gson/src/main/java/com/google/gson/GsonBuilder.java"":592 |","false","false","0.0","1.7976931348623157E308","-1.7976931348623157E308"
"com.google.gson.GsonBuilder.com.google.gson.GsonBuilder.create()","| gin.edit.transplant.ReplaceWithTransplantLine ""Donor.java"":3 -> ""./gson/src/main/java/com/google/gson/GsonBuilder.java"":603 |","false","false","0.0","1.7976931348623157E308","-1.7976931348623157E308"
"com.google.gson.GsonBuilder.com.google.gson.GsonBuilder.create()","| gin.edit.line.ReplaceLine ""./gson/src/main/java/com/google/gson/GsonBuilder.java"":42 -> ""./gson/src/main/java/com/google/gson/GsonBuilder.java"":598 |","false","false","0.0","1.7976931348623157E308","-1.7976931348623157E308"
"com.google.gson.GsonBuilder.com.google.gson.GsonBuilder.create()","| gin.edit.line.DeleteLine ""./gson/src/main/java/com/google/gson/GsonBuilder.java"":591 |","true","true","10649.326","10649.0","1101.0"
"com.google.gson.GsonBuilder.com.google.gson.GsonBuilder.create()","| gin.edit.line.SwapLine ""./gson/src/main/java/com/google/gson/GsonBuilder.java"":591 <-> ""./gson/src/main/java/com/google/gson/GsonBuilder.java"":602 |","false","false","0.0","1.7976931348623157E308","-1.7976931348623157E308"
"com.google.gson.GsonBuilder.com.google.gson.GsonBuilder.create()","| gin.edit.line.ReplaceLine ""./gson/src/main/java/com/google/gson/GsonBuilder.java"":610 -> ""./gson/src/main/java/com/google/gson/GsonBuilder.java"":603 |","false","false","0.0","1.7976931348623157E308","-1.7976931348623157E308"
"com.google.gson.GsonBuilder.com.google.gson.GsonBuilder.create()","| gin.edit.line.DeleteLine ""./gson/src/main/java/com/google/gson/GsonBuilder.java"":589 |","true","false","10073.933","1.7976931348623157E308","-1.7976931348623157E308"
"com.google.gson.GsonBuilder.com.google.gson.GsonBuilder.create()","| gin.edit.line.ReplaceLine ""./gson/src/main/java/com/google/gson/GsonBuilder.java"":275 -> ""./gson/src/main/java/com/google/gson/GsonBuilder.java"":603 |","false","false","0.0","1.7976931348623157E308","-1.7976931348623157E308"
"com.google.gson.GsonBuilder.com.google.gson.GsonBuilder.create()","| gin.edit.line.ReplaceLine ""./gson/src/main/java/com/google/gson/GsonBuilder.java"":36 -> ""./gson/src/main/java/com/google/gson/GsonBuilder.java"":591 |","false","false","0.0","1.7976931348623157E308","-1.7976931348623157E308"
"com.google.gson.GsonBuilder.com.google.gson.GsonBuilder.create()","| gin.edit.line.DeleteLine ""./gson/src/main/java/com/google/gson/GsonBuilder.java"":603 |","false","false","0.0","1.7976931348623157E308","-1.7976931348623157E308"
"com.google.gson.GsonBuilder.com.google.gson.GsonBuilder.create()","| gin.edit.transplant.ReplaceWithTransplantLine ""Donor.java"":14 -> ""./gson/src/main/java/com/google/gson/GsonBuilder.java"":597 |","false","false","0.0","1.7976931348623157E308","-1.7976931348623157E308"
"com.google.gson.GsonBuilder.com.google.gson.GsonBuilder.create()","| gin.edit.line.CopyLine ""./gson/src/main/java/com/google/gson/GsonBuilder.java"":41 -> ""./gson/src/main/java/com/google/gson/GsonBuilder.java"":599 |","false","false","0.0","1.7976931348623157E308","-1.7976931348623157E308"
"com.google.gson.GsonBuilder.com.google.gson.GsonBuilder.create()","| gin.edit.transplant.ReplaceWithTransplantLine ""Donor.java"":5 -> ""./gson/src/main/java/com/google/gson/GsonBuilder.java"":588 |","false","false","0.0","1.7976931348623157E308","-1.7976931348623157E308"
"com.google.gson.GsonBuilder.com.google.gson.GsonBuilder.create()","| gin.edit.line.CopyLine ""./gson/src/main/java/com/google/gson/GsonBuilder.java"":473 -> ""./gson/src/main/java/com/google/gson/GsonBuilder.java"":587 |","true","true","10147.907","10147.0","1603.0"
"com.google.gson.GsonBuilder.com.google.gson.GsonBuilder.create()","| gin.edit.line.CopyLine ""./gson/src/main/java/com/google/gson/GsonBuilder.java"":89 -> ""./gson/src/main/java/com/google/gson/GsonBuilder.java"":595 |","false","false","0.0","1.7976931348623157E308","-1.7976931348623157E308"
"com.google.gson.GsonBuilder.com.google.gson.GsonBuilder.create()","| gin.edit.line.ReplaceLine ""./gson/src/main/java/com/google/gson/GsonBuilder.java"":114 -> ""./gson/src/main/java/com/google/gson/GsonBuilder.java"":598 |","false","false","0.0","1.7976931348623157E308","-1.7976931348623157E308"
"com.google.gson.GsonBuilder.com.google.gson.GsonBuilder.create()","| gin.edit.line.CopyLine ""./gson/src/main/java/com/google/gson/GsonBuilder.java"":523 -> ""./gson/src/main/java/com/google/gson/GsonBuilder.java"":597 |","false","false","0.0","1.7976931348623157E308","-1.7976931348623157E308"
"com.google.gson.GsonBuilder.com.google.gson.GsonBuilder.create()","| gin.edit.line.ReplaceLine ""./gson/src/main/java/com/google/gson/GsonBuilder.java"":501 -> ""./gson/src/main/java/com/google/gson/GsonBuilder.java"":595 |","false","false","0.0","1.7976931348623157E308","-1.7976931348623157E308"
"com.google.gson.GsonBuilder.com.google.gson.GsonBuilder.create()","| gin.edit.line.CopyLine ""./gson/src/main/java/com/google/gson/GsonBuilder.java"":310 -> ""./gson/src/main/java/com/google/gson/GsonBuilder.java"":592 |","false","false","0.0","1.7976931348623157E308","-1.7976931348623157E308"
"com.google.gson.GsonBuilder.com.google.gson.GsonBuilder.create()","| gin.edit.line.CopyLine ""./gson/src/main/java/com/google/gson/GsonBuilder.java"":616 -> ""./gson/src/main/java/com/google/gson/GsonBuilder.java"":586 |","false","false","0.0","1.7976931348623157E308","-1.7976931348623157E308"
"com.google.gson.GsonBuilder.com.google.gson.GsonBuilder.create()","| gin.edit.transplant.ReplaceWithTransplantLine ""Donor.java"":16 -> ""./gson/src/main/java/com/google/gson/GsonBuilder.java"":591 |","false","false","0.0","1.7976931348623157E308","-1.7976931348623157E308"
"com.google.gson.GsonBuilder.com.google.gson.GsonBuilder.create()","| gin.edit.line.SwapLine ""./gson/src/main/java/com/google/gson/GsonBuilder.java"":603 <-> ""./gson/src/main/java/com/google/gson/GsonBuilder.java"":598 |","false","false","0.0","1.7976931348623157E308","-1.7976931348623157E308"
"com.google.gson.GsonBuilder.com.google.gson.GsonBuilder.create()","| gin.edit.line.CopyLine ""./gson/src/main/java/com/google/gson/GsonBuilder.java"":473 -> ""./gson/src/main/java/com/google/gson/GsonBuilder.java"":587 | gin.edit.line.SwapLine ""./gson/src/main/java/com/google/gson/GsonBuilder.java"":592 <-> ""./gson/src/main/java/com/google/gson/GsonBuilder.java"":601 |","false","false","0.0","1.7976931348623157E308","-1.7976931348623157E308"
"com.google.gson.GsonBuilder.com.google.gson.GsonBuilder.create()","| gin.edit.line.SwapLine ""./gson/src/main/java/com/google/gson/GsonBuilder.java"":597 <-> ""./gson/src/main/java/com/google/gson/GsonBuilder.java"":587 |","false","false","0.0","1.7976931348623157E308","-1.7976931348623157E308"
"com.google.gson.GsonBuilder.com.google.gson.GsonBuilder.create()","| gin.edit.line.DeleteLine ""./gson/src/main/java/com/google/gson/GsonBuilder.java"":601 |","false","false","0.0","1.7976931348623157E308","-1.7976931348623157E308"
"com.google.gson.GsonBuilder.com.google.gson.GsonBuilder.create()","| gin.edit.line.CopyLine ""./gson/src/main/java/com/google/gson/GsonBuilder.java"":473 -> ""./gson/src/main/java/com/google/gson/GsonBuilder.java"":587 | gin.edit.line.CopyLine ""./gson/src/main/java/com/google/gson/GsonBuilder.java"":326 -> ""./gson/src/main/java/com/google/gson/GsonBuilder.java"":597 |","false","false","0.0","1.7976931348623157E308","-1.7976931348623157E308"
"com.google.gson.GsonBuilder.com.google.gson.GsonBuilder.create()","| gin.edit.line.DeleteLine ""./gson/src/main/java/com/google/gson/GsonBuilder.java"":595 |","true","false","12154.981","1.7976931348623157E308","-1.7976931348623157E308"
"com.google.gson.GsonBuilder.com.google.gson.GsonBuilder.create()","| gin.edit.line.CopyLine ""./gson/src/main/java/com/google/gson/GsonBuilder.java"":473 -> ""./gson/src/main/java/com/google/gson/GsonBuilder.java"":587 | gin.edit.line.DeleteLine ""./gson/src/main/java/com/google/gson/GsonBuilder.java"":593 |","true","false","11029.528","1.7976931348623157E308","-1.7976931348623157E308"
"com.google.gson.GsonBuilder.com.google.gson.GsonBuilder.create()","| gin.edit.transplant.ReplaceWithTransplantLine ""Donor.java"":3 -> ""./gson/src/main/java/com/google/gson/GsonBuilder.java"":593 |","false","false","0.0","1.7976931348623157E308","-1.7976931348623157E308"
"com.google.gson.GsonBuilder.com.google.gson.GsonBuilder.create()","| gin.edit.transplant.ReplaceWithTransplantLine ""Donor.java"":2 -> ""./gson/src/main/java/com/google/gson/GsonBuilder.java"":599 |","false","false","0.0","1.7976931348623157E308","-1.7976931348623157E308"
"com.google.gson.GsonBuilder.com.google.gson.GsonBuilder.create()","| gin.edit.line.DeleteLine ""./gson/src/main/java/com/google/gson/GsonBuilder.java"":591 | gin.edit.transplant.ReplaceWithTransplantLine ""Donor.java"":8 -> ""./gson/src/main/java/com/google/gson/GsonBuilder.java"":599 |","false","false","0.0","1.7976931348623157E308","-1.7976931348623157E308"
"com.google.gson.GsonBuilder.com.google.gson.GsonBuilder.create()","| gin.edit.transplant.ReplaceWithTransplantLine ""Donor.java"":13 -> ""./gson/src/main/java/com/google/gson/GsonBuilder.java"":593 |","false","false","0.0","1.7976931348623157E308","-1.7976931348623157E308"
"com.google.gson.GsonBuilder.com.google.gson.GsonBuilder.create()","| gin.edit.line.DeleteLine ""./gson/src/main/java/com/google/gson/GsonBuilder.java"":591 | gin.edit.line.DeleteLine ""./gson/src/main/java/com/google/gson/GsonBuilder.java"":598 |","false","false","0.0","1.7976931348623157E308","-1.7976931348623157E308"
"com.google.gson.GsonBuilder.com.google.gson.GsonBuilder.create()","| gin.edit.line.ReplaceLine ""./gson/src/main/java/com/google/gson/GsonBuilder.java"":181 -> ""./gson/src/main/java/com/google/gson/GsonBuilder.java"":593 |","true","false","11712.745","1.7976931348623157E308","-1.7976931348623157E308"
"com.google.gson.GsonBuilder.com.google.gson.GsonBuilder.create()","| gin.edit.line.DeleteLine ""./gson/src/main/java/com/google/gson/GsonBuilder.java"":599 |","false","false","0.0","1.7976931348623157E308","-1.7976931348623157E308"
"com.google.gson.GsonBuilder.com.google.gson.GsonBuilder.create()","| gin.edit.line.DeleteLine ""./gson/src/main/java/com/google/gson/GsonBuilder.java"":600 |","false","false","0.0","1.7976931348623157E308","-1.7976931348623157E308"
"com.google.gson.GsonBuilder.com.google.gson.GsonBuilder.create()","| gin.edit.line.DeleteLine ""./gson/src/main/java/com/google/gson/GsonBuilder.java"":587 |","true","false","25783.465","1.7976931348623157E308","-1.7976931348623157E308"
"com.google.gson.GsonBuilder.com.google.gson.GsonBuilder.create()","| gin.edit.line.DeleteLine ""./gson/src/main/java/com/google/gson/GsonBuilder.java"":591 | gin.edit.line.DeleteLine ""./gson/src/main/java/com/google/gson/GsonBuilder.java"":598 |","false","false","0.0","1.7976931348623157E308","-1.7976931348623157E308"
"com.google.gson.GsonBuilder.com.google.gson.GsonBuilder.create()","| gin.edit.line.CopyLine ""./gson/src/main/java/com/google/gson/GsonBuilder.java"":473 -> ""./gson/src/main/java/com/google/gson/GsonBuilder.java"":587 | gin.edit.transplant.ReplaceWithTransplantLine ""Donor.java"":8 -> ""./gson/src/main/java/com/google/gson/GsonBuilder.java"":593 |","false","false","0.0","1.7976931348623157E308","-1.7976931348623157E308"
"com.google.gson.GsonBuilder.com.google.gson.GsonBuilder.create()","| gin.edit.line.DeleteLine ""./gson/src/main/java/com/google/gson/GsonBuilder.java"":591 | gin.edit.line.CopyLine ""./gson/src/main/java/com/google/gson/GsonBuilder.java"":473 -> ""./gson/src/main/java/com/google/gson/GsonBuilder.java"":587 | gin.edit.line.ReplaceLine ""./gson/src/main/java/com/google/gson/GsonBuilder.java"":130 -> ""./gson/src/main/java/com/google/gson/GsonBuilder.java"":587 |","false","false","0.0","1.7976931348623157E308","-1.7976931348623157E308"
"com.google.gson.GsonBuilder.com.google.gson.GsonBuilder.create()","| gin.edit.line.CopyLine ""./gson/src/main/java/com/google/gson/GsonBuilder.java"":473 -> ""./gson/src/main/java/com/google/gson/GsonBuilder.java"":587 | gin.edit.line.DeleteLine ""./gson/src/main/java/com/google/gson/GsonBuilder.java"":591 | gin.edit.line.DeleteLine ""./gson/src/main/java/com/google/gson/GsonBuilder.java"":593 |","true","false","10989.398","1.7976931348623157E308","-1.7976931348623157E308"
"com.google.gson.GsonBuilder.com.google.gson.GsonBuilder.create()","| gin.edit.line.DeleteLine ""./gson/src/main/java/com/google/gson/GsonBuilder.java"":591 | gin.edit.line.DeleteLine ""./gson/src/main/java/com/google/gson/GsonBuilder.java"":599 |","false","false","0.0","1.7976931348623157E308","-1.7976931348623157E308"
"com.google.gson.GsonBuilder.com.google.gson.GsonBuilder.create()","| gin.edit.transplant.ReplaceWithTransplantLine ""Donor.java"":17 -> ""./gson/src/main/java/com/google/gson/GsonBuilder.java"":586 |","false","false","0.0","1.7976931348623157E308","-1.7976931348623157E308"
"com.google.gson.GsonBuilder.com.google.gson.GsonBuilder.create()","| gin.edit.line.SwapLine ""./gson/src/main/java/com/google/gson/GsonBuilder.java"":587 <-> ""./gson/src/main/java/com/google/gson/GsonBuilder.java"":600 |","false","false","0.0","1.7976931348623157E308","-1.7976931348623157E308"
"com.google.gson.GsonBuilder.com.google.gson.GsonBuilder.create()","| gin.edit.line.DeleteLine ""./gson/src/main/java/com/google/gson/GsonBuilder.java"":587 |","true","false","23919.836","1.7976931348623157E308","-1.7976931348623157E308"
"com.google.gson.GsonBuilder.com.google.gson.GsonBuilder.create()","| gin.edit.transplant.ReplaceWithTransplantLine ""Donor.java"":17 -> ""./gson/src/main/java/com/google/gson/GsonBuilder.java"":588 |","false","false","0.0","1.7976931348623157E308","-1.7976931348623157E308"
"com.google.gson.GsonBuilder.com.google.gson.GsonBuilder.create()","| gin.edit.transplant.ReplaceWithTransplantLine ""Donor.java"":1 -> ""./gson/src/main/java/com/google/gson/GsonBuilder.java"":586 |","false","false","0.0","1.7976931348623157E308","-1.7976931348623157E308"
"com.google.gson.GsonBuilder.com.google.gson.GsonBuilder.create()","| gin.edit.line.CopyLine ""./gson/src/main/java/com/google/gson/GsonBuilder.java"":476 -> ""./gson/src/main/java/com/google/gson/GsonBuilder.java"":586 |","false","false","0.0","1.7976931348623157E308","-1.7976931348623157E308"
"com.google.gson.GsonBuilder.com.google.gson.GsonBuilder.create()","| gin.edit.line.SwapLine ""./gson/src/main/java/com/google/gson/GsonBuilder.java"":598 <-> ""./gson/src/main/java/com/google/gson/GsonBuilder.java"":589 |","false","false","0.0","1.7976931348623157E308","-1.7976931348623157E308"
"com.google.gson.GsonBuilder.com.google.gson.GsonBuilder.create()","| gin.edit.line.SwapLine ""./gson/src/main/java/com/google/gson/GsonBuilder.java"":601 <-> ""./gson/src/main/java/com/google/gson/GsonBuilder.java"":597 |","false","false","0.0","1.7976931348623157E308","-1.7976931348623157E308"
"com.google.gson.GsonBuilder.com.google.gson.GsonBuilder.create()","| gin.edit.line.ReplaceLine ""./gson/src/main/java/com/google/gson/GsonBuilder.java"":605 -> ""./gson/src/main/java/com/google/gson/GsonBuilder.java"":588 |","false","false","0.0","1.7976931348623157E308","-1.7976931348623157E308"
"com.google.gson.GsonBuilder.com.google.gson.GsonBuilder.create()","| gin.edit.line.DeleteLine ""./gson/src/main/java/com/google/gson/GsonBuilder.java"":600 |","false","false","0.0","1.7976931348623157E308","-1.7976931348623157E308"
"com.google.gson.GsonBuilder.com.google.gson.GsonBuilder.create()","| gin.edit.line.ReplaceLine ""./gson/src/main/java/com/google/gson/GsonBuilder.java"":31 -> ""./gson/src/main/java/com/google/gson/GsonBuilder.java"":591 |","false","false","0.0","1.7976931348623157E308","-1.7976931348623157E308"
"com.google.gson.GsonBuilder.com.google.gson.GsonBuilder.create()","| gin.edit.line.CopyLine ""./gson/src/main/java/com/google/gson/GsonBuilder.java"":194 -> ""./gson/src/main/java/com/google/gson/GsonBuilder.java"":592 |","false","false","0.0","1.7976931348623157E308","-1.7976931348623157E308"
"com.google.gson.GsonBuilder.com.google.gson.GsonBuilder.create()","| gin.edit.line.DeleteLine ""./gson/src/main/java/com/google/gson/GsonBuilder.java"":600 |","false","false","0.0","1.7976931348623157E308","-1.7976931348623157E308"
"com.google.gson.GsonBuilder.com.google.gson.GsonBuilder.create()","| gin.edit.line.CopyLine ""./gson/src/main/java/com/google/gson/GsonBuilder.java"":592 -> ""./gson/src/main/java/com/google/gson/GsonBuilder.java"":593 |","true","true","11024.163","11024.0","726.0"
"com.google.gson.GsonBuilder.com.google.gson.GsonBuilder.create()","| gin.edit.line.CopyLine ""./gson/src/main/java/com/google/gson/GsonBuilder.java"":524 -> ""./gson/src/main/java/com/google/gson/GsonBuilder.java"":591 |","false","false","0.0","1.7976931348623157E308","-1.7976931348623157E308"
"com.google.gson.GsonBuilder.com.google.gson.GsonBuilder.create()","| gin.edit.line.ReplaceLine ""./gson/src/main/java/com/google/gson/GsonBuilder.java"":476 -> ""./gson/src/main/java/com/google/gson/GsonBuilder.java"":595 |","false","false","0.0","1.7976931348623157E308","-1.7976931348623157E308"
"com.google.gson.GsonBuilder.com.google.gson.GsonBuilder.create()","| gin.edit.line.SwapLine ""./gson/src/main/java/com/google/gson/GsonBuilder.java"":603 <-> ""./gson/src/main/java/com/google/gson/GsonBuilder.java"":593 |","false","false","0.0","1.7976931348623157E308","-1.7976931348623157E308"
"com.google.gson.GsonBuilder.com.google.gson.GsonBuilder.create()","| gin.edit.line.ReplaceLine ""./gson/src/main/java/com/google/gson/GsonBuilder.java"":93 -> ""./gson/src/main/java/com/google/gson/GsonBuilder.java"":601 |","false","false","0.0","1.7976931348623157E308","-1.7976931348623157E308"
"com.google.gson.GsonBuilder.com.google.gson.GsonBuilder.create()","| gin.edit.line.SwapLine ""./gson/src/main/java/com/google/gson/GsonBuilder.java"":597 <-> ""./gson/src/main/java/com/google/gson/GsonBuilder.java"":592 |","false","false","0.0","1.7976931348623157E308","-1.7976931348623157E308"
"com.google.gson.GsonBuilder.com.google.gson.GsonBuilder.create()","| gin.edit.line.CopyLine ""./gson/src/main/java/com/google/gson/GsonBuilder.java"":169 -> ""./gson/src/main/java/com/google/gson/GsonBuilder.java"":600 |","false","false","0.0","1.7976931348623157E308","-1.7976931348623157E308"
"com.google.gson.GsonBuilder.com.google.gson.GsonBuilder.create()","| gin.edit.line.SwapLine ""./gson/src/main/java/com/google/gson/GsonBuilder.java"":599 <-> ""./gson/src/main/java/com/google/gson/GsonBuilder.java"":593 |","false","false","0.0","1.7976931348623157E308","-1.7976931348623157E308"
